id,user_id,items,total_price,status,created_at,updated_at
0576b9e2-c075-4adf-a28c-9a420df17458,52bfca2d-1e0c-4d60-85c4-06399338e7c6,"[{""id"":""1781453955453"",""name"":""Milton Thermosteel Water Bottle"",""price"":899,""details"":""SKU: QLS-0054 • ₹899.00"",""imageUrl"":""https://hwvkfsjhzjuqkqhuqtsg.supabase.co/storage/v1/object/public/product-images/Milton%20Thermosteel%20Water%20Bottle.webp"",""quantity"":1}]",899.0,processed,2026-06-14 16:19:22.24796+00,2026-06-14 21:49:26.090014+00
092ba4b1-e134-4b65-b565-b975b3e8abad,d5777910-84ac-4ac9-84a0-0819ad960378,"[{""id"":""1781414196193"",""name"":""Boost Health Drink"",""price"":255,""details"":""SKU: QLS-0027 • ₹255.00"",""imageUrl"":""https://images.unsplash.com/photo-1542838132-92c53300491e?q=80&w=200&auto=format&fit=crop"",""quantity"":1},{""id"":""1781414213592"",""name"":""Lay's India's Magic Masala Chips"",""price"":20,""details"":""SKU: QLS-0030 • ₹20.00"",""imageUrl"":""https://images.unsplash.com/photo-1542838132-92c53300491e?q=80&w=200&auto=format&fit=crop"",""quantity"":2},{""id"":""1781414246770"",""name"":""Lay's American Style Cream and Onion Chips"",""price"":20,""details"":""SKU: QLS-0004 • ₹20.00"",""imageUrl"":""https://images.unsplash.com/photo-1542838132-92c53300491e?q=80&w=200&auto=format&fit=crop"",""quantity"":1}]",315,processed,2026-06-14 05:16:38.262606+00,2026-06-14 10:47:42.673+00
0a6e1105-e265-44b7-be83-655435d4665f,760f1105-bd02-4459-9a91-f39959531378,"[{""id"":""1781510895766"",""name"":""Mars Chocolate Bar"",""price"":40,""details"":""SKU: QLS-0011 • ₹40.00"",""imageUrl"":""https://hwvkfsjhzjuqkqhuqtsg.supabase.co/storage/v1/object/public/product-images/Mars%20Chocolate%20Bar.webp"",""quantity"":1},{""id"":""1781510902479"",""name"":""Cadbury Dairy Milk Roast Almond"",""price"":50,""details"":""SKU: QLS-0019 • ₹50.00"",""imageUrl"":""https://hwvkfsjhzjuqkqhuqtsg.supabase.co/storage/v1/object/public/product-images/Cadbury%20Dairy%20Milk%20Roast%20Almond.webp"",""quantity"":2},{""id"":""1781510931453"",""name"":""Cadbury Dairy Milk Crispello"",""price"":40,""details"":""SKU: QLS-0018 • ₹40.00"",""imageUrl"":""https://hwvkfsjhzjuqkqhuqtsg.supabase.co/storage/v1/object/public/product-images/Cadbury%20Dairy%20Milk%20Crispello.webp"",""quantity"":9},{""id"":""1781511703637"",""name"":""Snickers Chocolate Bar"",""price"":40,""details"":""SKU: QLS-0012 • ₹40.00"",""imageUrl"":""https://images.unsplash.com/photo-1542838132-92c53300491e?q=80&w=200&auto=format&fit=crop"",""quantity"":5},{""id"":""1781511713398"",""name"":""Nestle Milkybar White Chocolate"",""price"":20,""details"":""SKU: QLS-0035 • ₹20.00"",""imageUrl"":""https://hwvkfsjhzjuqkqhuqtsg.supabase.co/storage/v1/object/public/product-images/Nestle%20Milkybar%20White%20Chocolate.webp"",""quantity"":1},{""id"":""1781511728903"",""name"":""Nestle KitKat Chunky White"",""price"":70,""details"":""SKU: QLS-0032 • ₹70.00"",""imageUrl"":""https://hwvkfsjhzjuqkqhuqtsg.supabase.co/storage/v1/object/public/product-images/Nestle%20KitKat%20Chunky%20White.webp"",""quantity"":1}]",790.0,processed,2026-06-15 08:08:17.614944+00,2026-06-15 14:03:05.576039+00
15b18406-218c-4a20-9b67-3477e7d98644,760f1105-bd02-4459-9a91-f39959531378,"[{""id"":""1781453481528"",""name"":""Lay's American Style Cream and Onion Chips"",""price"":20,""details"":""SKU: QLS-0004 • ₹20.00"",""quantity"":2},{""id"":""1781453511856"",""name"":""Boost Health Drink"",""price"":255,""details"":""SKU: QLS-0027 • ₹255.00"",""quantity"":1}]",295,processed,2026-06-03 10:00:00+00,2026-06-03 10:30:00+00
184c95f2-9526-4bd5-b897-9c24ab1139eb,3ebf9db8-69ab-4661-95b5-d0e2a6e10389,"[{""id"":""1781803917560"",""name"":""Lay's American Style Cream and Onion Chips"",""price"":20,""details"":""SKU: QLS-0004 • ₹20.00"",""imageUrl"":""https://hwvkfsjhzjuqkqhuqtsg.supabase.co/storage/v1/object/public/product-images/Lay's%20American%20Style%20Cream%20and%20Onion%20Chips.webp"",""quantity"":1},{""id"":""1781803935536"",""name"":""Nestle KitKat Chunky White"",""price"":70,""details"":""SKU: QLS-0032 • ₹70.00"",""imageUrl"":""https://hwvkfsjhzjuqkqhuqtsg.supabase.co/storage/v1/object/public/product-images/Nestle%20KitKat%20Chunky%20White.webp"",""quantity"":2},{""id"":""1781807407093"",""name"":""Boost Health Drink"",""price"":255,""details"":""SKU: QLS-0027 • ₹255.00"",""imageUrl"":""https://hwvkfsjhzjuqkqhuqtsg.supabase.co/storage/v1/object/public/product-images/Boost%20Health%20Drink.webp"",""quantity"":1}]",415.0,processed,2026-06-18 17:03:52.896566+00,2026-06-19 00:02:18.576558+00
1f544fb1-b03d-4244-8937-a2f39643e9f5,c629cd54-64b7-4f07-bd21-68f39d86892e,"[{""id"":""QLS-0012"",""name"":""Snickers Chocolate Bar"",""price"":40,""details"":""Added by Qless Assistant"",""imageUrl"":"""",""quantity"":3},{""id"":""QLS-0032"",""name"":""Nestle KitKat Chunky White"",""price"":70,""details"":""Added by Qless Assistant"",""imageUrl"":"""",""quantity"":1},{""id"":""QLS-0041"",""name"":""Gold Winner Refined Sunflower Oil"",""price"":180,""details"":""Recipe Ingredient: 2 tablespoons"",""imageUrl"":"""",""quantity"":1}]",370,processed,2026-06-20 10:51:39.589485+00,2026-06-20 16:34:41.697+00
25f864c8-a8a0-489b-bd31-ad26f6ac23ae,d5777910-84ac-4ac9-84a0-0819ad960378,"[{""id"":""1781809204672"",""name"":""Softer Bar Chocolate Bar"",""price"":30,""details"":""SKU: QLS-0013 • ₹30.00"",""imageUrl"":""https://images.unsplash.com/photo-1542838132-92c53300491e?q=80&w=200&auto=format&fit=crop"",""quantity"":1},{""id"":""recipe_I want to make biriyani_507496942"",""name"":""Basmati Rice"",""price"":50,""details"":""Recipe Ingredient: 1 cup"",""imageUrl"":"""",""quantity"":2},{""id"":""recipe_I want to make biriyani_842256811"",""name"":""Oil"",""price"":50,""details"":""Recipe Ingredient: 2 tablespoons"",""imageUrl"":"""",""quantity"":2},{""id"":""recipe_I want to make biriyani_1018840227"",""name"":""Onion"",""price"":50,""details"":""Recipe Ingredient: 1"",""imageUrl"":"""",""quantity"":2},{""id"":""recipe_I want to make biriyani_91304557"",""name"":""Garlic"",""price"":50,""details"":""Recipe Ingredient: 2"",""imageUrl"":"""",""quantity"":2},{""id"":""recipe_I want to make biriyani_155323073"",""name"":""Ginger"",""price"":50,""details"":""Recipe Ingredient: 1"",""imageUrl"":"""",""quantity"":2},{""id"":""recipe_I want to make biriyani_1028178724"",""name"":""Mixed Vegetables"",""price"":50,""details"":""Recipe Ingredient: 1 cup"",""imageUrl"":"""",""quantity"":2},{""id"":""recipe_I want to make biriyani_1003798060"",""name"":""Chicken or Mutton"",""price"":50,""details"":""Recipe Ingredient: 1 cup"",""imageUrl"":"""",""quantity"":2},{""id"":""recipe_I want to make biriyani_362201872"",""name"":""Turmeric Powder"",""price"":50,""details"":""Recipe Ingredient: 1 teaspoon"",""imageUrl"":"""",""quantity"":2},{""id"":""recipe_I want to make biriyani_182840630"",""name"":""Red Chili Powder"",""price"":50,""details"":""Recipe Ingredient: 1 teaspoon"",""imageUrl"":"""",""quantity"":2},{""id"":""recipe_I want to make biriyani_965601908"",""name"":""Garam Masala Powder"",""price"":50,""details"":""Recipe Ingredient: 1 teaspoon"",""imageUrl"":"""",""quantity"":2},{""id"":""recipe_I want to make biriyani_805524447"",""name"":""Salt"",""price"":50,""details"":""Recipe Ingredient: to taste"",""imageUrl"":"""",""quantity"":2},{""id"":""recipe_I want to make biriyani_636719268"",""name"":""Coriander Leaves"",""price"":50,""details"":""Recipe Ingredient: "",""imageUrl"":"""",""quantity"":2}]",1230.0,processed,2026-06-18 19:00:09.749942+00,2026-06-19 10:26:22.77791+00
26418162-e9f8-499a-8cb7-fb96456c514a,c629cd54-64b7-4f07-bd21-68f39d86892e,"[{""id"":""1781619336547"",""name"":""Softer Bar Chocolate Bar"",""price"":30,""details"":""SKU: QLS-0013 • ₹30.00"",""imageUrl"":""https://images.unsplash.com/photo-1542838132-92c53300491e?q=80&w=200&auto=format&fit=crop"",""quantity"":2},{""id"":""maggi_chicken_noodles"",""name"":""Maggi Chicken Noodles"",""price"":0,""details"":""2.00 packs"",""imageUrl"":"""",""quantity"":1},{""id"":""aachi_ginger_garlic_paste"",""name"":""Aachi Ginger Garlic Paste"",""price"":0,""details"":""1.00 tsp"",""imageUrl"":"""",""quantity"":1},{""id"":""amul_gold_standardised_milk"",""name"":""Amul Gold Standardised Milk"",""price"":0,""details"":""0.50 cup"",""imageUrl"":"""",""quantity"":3},{""id"":""veeba_sweet_chilli_hot_sauce"",""name"":""Veeba Sweet Chilli Hot Sauce"",""price"":0,""details"":""2.00 tbsp"",""imageUrl"":"""",""quantity"":1},{""id"":""lay's_american_style_cream_and_onion_chips"",""name"":""Lay's American Style Cream and Onion Chips"",""price"":0,""details"":""1.00 pack"",""imageUrl"":"""",""quantity"":2},{""id"":""cadbury_dairy_milk_chocolate"",""name"":""Cadbury Dairy Milk Chocolate"",""price"":0,""details"":""1.00 bar"",""imageUrl"":"""",""quantity"":2}]",60,processed,2026-06-16 14:15:40.560668+00,2026-06-20 15:37:42.302+00
2a7b4a2d-4a30-46e5-a51c-bd205a8f4f5c,0aa6e91f-6199-4628-91d1-8b0cff62865a,"[{""id"":""1781439384761"",""name"":""Lay's India's Magic Masala Chips"",""price"":20,""details"":""SKU: QLS-0030 • ₹20.00"",""imageUrl"":""https://images.unsplash.com/photo-1542838132-92c53300491e?q=80&w=200&auto=format&fit=crop"",""quantity"":1},{""id"":""1781439435000"",""name"":""Cadbury Fuse Chocolate Bar"",""price"":40,""details"":""SKU: QLS-0022 • ₹40.00"",""imageUrl"":""https://images.unsplash.com/photo-1542838132-92c53300491e?q=80&w=200&auto=format&fit=crop"",""quantity"":2},{""id"":""1781440352105"",""name"":""Boost Health Drink"",""price"":255,""details"":""SKU: QLS-0027 • ₹255.00"",""imageUrl"":""https://images.unsplash.com/photo-1542838132-92c53300491e?q=80&w=200&auto=format&fit=crop"",""quantity"":1},{""id"":""1781440417899"",""name"":""Softer Bar Chocolate Bar"",""price"":30,""details"":""SKU: QLS-0013 • ₹30.00"",""imageUrl"":""https://images.unsplash.com/photo-1542838132-92c53300491e?q=80&w=200&auto=format&fit=crop"",""quantity"":1},{""id"":""1781440954667"",""name"":""Cadbury Dairy Milk Roast Almond"",""price"":50,""details"":""SKU: QLS-0019 • ₹50.00"",""imageUrl"":""https://images.unsplash.com/photo-1542838132-92c53300491e?q=80&w=200&auto=format&fit=crop"",""quantity"":1},{""id"":""1781440985820"",""name"":""Cheetos Cheez Puffs"",""price"":20,""details"":""SKU: QLS-0009 • ₹20.00"",""imageUrl"":""https://images.unsplash.com/photo-1542838132-92c53300491e?q=80&w=200&auto=format&fit=crop"",""quantity"":1},{""id"":""1781441134912"",""name"":""Geki Hot and Spicy Korean Kimchi Noodles"",""price"":50,""details"":""SKU: QLS-0028 • ₹50.00"",""imageUrl"":""https://images.unsplash.com/photo-1542838132-92c53300491e?q=80&w=200&auto=format&fit=crop"",""quantity"":1},{""id"":""1781441197531"",""name"":""Godrej Selfie Shampoo Hair Colour"",""price"":30,""details"":""SKU: QLS-0045 • ₹30.00"",""imageUrl"":""https://images.unsplash.com/photo-1542838132-92c53300491e?q=80&w=200&auto=format&fit=crop"",""quantity"":1},{""id"":""1781441362657"",""name"":""Harpic Flushmatic Citrus Toilet Cleaner"",""price"":99,""details"":""SKU: QLS-0021 • ₹99.00"",""imageUrl"":""https://images.unsplash.com/photo-1542838132-92c53300491e?q=80&w=200&auto=format&fit=crop"",""quantity"":1},{""id"":""1781441631466"",""name"":""Kellogg's Chocos Crunchy Bites Coco Caramel"",""price"":35,""details"":""SKU: QLS-0014 • ₹35.00"",""imageUrl"":""https://images.unsplash.com/photo-1542838132-92c53300491e?q=80&w=200&auto=format&fit=crop"",""quantity"":1},{""id"":""1781441670834"",""name"":""Kellogg's Corn Flakes Original"",""price"":195,""details"":""SKU: QLS-0016 • ₹195.00"",""imageUrl"":""https://images.unsplash.com/photo-1542838132-92c53300491e?q=80&w=200&auto=format&fit=crop"",""quantity"":1},{""id"":""1781441689728"",""name"":""Kellogg's Multigrain Chocos"",""price"":210,""details"":""SKU: QLS-0037 • ₹210.00"",""imageUrl"":""https://images.unsplash.com/photo-1542838132-92c53300491e?q=80&w=200&auto=format&fit=crop"",""quantity"":1},{""id"":""1781441796865"",""name"":""Kurkure Playz Puffcorn Yummy Cheese"",""price"":20,""details"":""SKU: QLS-0040 • ₹20.00"",""imageUrl"":""https://images.unsplash.com/photo-1542838132-92c53300491e?q=80&w=200&auto=format&fit=crop"",""quantity"":1},{""id"":""1781441813215"",""name"":""Lay's American Style Cream and Onion Chips"",""price"":20,""details"":""SKU: QLS-0004 • ₹20.00"",""imageUrl"":""https://images.unsplash.com/photo-1542838132-92c53300491e?q=80&w=200&auto=format&fit=crop"",""quantity"":1},{""id"":""1781441839123"",""name"":""Lay's Spanish Tomato Tango Chips"",""price"":20,""details"":""SKU: QLS-0047 • ₹20.00"",""imageUrl"":""https://images.unsplash.com/photo-1542838132-92c53300491e?q=80&w=200&auto=format&fit=crop"",""quantity"":1},{""id"":""1781441851406"",""name"":""Lizol Disinfectant Surface Cleaner"",""price"":220,""details"":""SKU: QLS-0020 • ₹220.00"",""imageUrl"":""https://images.unsplash.com/photo-1542838132-92c53300491e?q=80&w=200&auto=format&fit=crop"",""quantity"":1},{""id"":""1781441862261"",""name"":""Maggi Chicken Noodles"",""price"":15,""details"":""SKU: QLS-0010 • ₹15.00"",""imageUrl"":""https://images.unsplash.com/photo-1542838132-92c53300491e?q=80&w=200&auto=format&fit=crop"",""quantity"":1},{""id"":""1781441875574"",""name"":""Maggi Hot and Sweet Tomato Chilli Sauce"",""price"":170,""details"":""SKU: QLS-0029 • ₹170.00"",""imageUrl"":""https://images.unsplash.com/photo-1542838132-92c53300491e?q=80&w=200&auto=format&fit=crop"",""quantity"":1},{""id"":""1781441933023"",""name"":""Maggi Rich Tomato Ketchup"",""price"":155,""details"":""SKU: QLS-0042 • ₹155.00"",""imageUrl"":""https://images.unsplash.com/photo-1542838132-92c53300491e?q=80&w=200&auto=format&fit=crop"",""quantity"":1},{""id"":""1781442044022"",""name"":""Mars Chocolate Bar"",""price"":40,""details"":""SKU: QLS-0011 • ₹40.00"",""imageUrl"":""https://images.unsplash.com/photo-1542838132-92c53300491e?q=80&w=200&auto=format&fit=crop"",""quantity"":1},{""id"":""1781442350816"",""name"":""Nestle Milkybar White Chocolate"",""price"":20,""details"":""SKU: QLS-0035 • ₹20.00"",""imageUrl"":""https://images.unsplash.com/photo-1542838132-92c53300491e?q=80&w=200&auto=format&fit=crop"",""quantity"":1},{""id"":""1781442400686"",""name"":""Quaker Oats"",""price"":195,""details"":""SKU: QLS-0038 • ₹195.00"",""imageUrl"":""https://images.unsplash.com/photo-1542838132-92c53300491e?q=80&w=200&auto=format&fit=crop"",""quantity"":1},{""id"":""1781442413997"",""name"":""Snickers Almond Chocolate Bar"",""price"":50,""details"":""SKU: QLS-0003 • ₹50.00"",""imageUrl"":""https://images.unsplash.com/photo-1542838132-92c53300491e?q=80&w=200&auto=format&fit=crop"",""quantity"":1}]",1999.0,processed,2026-06-14 12:16:28.064105+00,2026-06-14 22:50:47.610447+00
3b0d0d2f-1705-4e03-8010-9605955022fd,d5777910-84ac-4ac9-84a0-0819ad960378,"[{""id"":""1781636144311"",""name"":""Nestle KitKat Chunky White"",""price"":70,""details"":""SKU: QLS-0032 • ₹70.00"",""imageUrl"":""https://hwvkfsjhzjuqkqhuqtsg.supabase.co/storage/v1/object/public/product-images/Nestle%20KitKat%20Chunky%20White.webp"",""quantity"":1},{""id"":""1781636188649"",""name"":""Boost Health Drink"",""price"":255,""details"":""SKU: QLS-0027 • ₹255.00"",""imageUrl"":""https://hwvkfsjhzjuqkqhuqtsg.supabase.co/storage/v1/object/public/product-images/Boost%20Health%20Drink.webp"",""quantity"":4}]",1090,processed,2026-06-16 18:55:50.788732+00,2026-06-17 23:04:05.13+00
3c6ab698-7926-4033-bde8-4dbdd164124d,d5777910-84ac-4ac9-84a0-0819ad960378,"[{""id"":""1781453481622"",""name"":""Softer Bar Chocolate Bar"",""price"":30,""details"":""SKU: QLS-0013 • ₹30.00"",""quantity"":2},{""id"":""1781453511950"",""name"":""Lay's India's Magic Masala Chips"",""price"":20,""details"":""SKU: QLS-0030 • ₹20.00"",""quantity"":3}]",120,processed,2026-03-29 12:00:00+00,2026-03-29 12:30:00+00
3d50164c-73ae-4202-b252-cfb1a7d8131b,760f1105-bd02-4459-9a91-f39959531378,"[{""id"":""1781453481521"",""name"":""Lay's American Style Cream and Onion Chips"",""price"":20,""details"":""SKU: QLS-0004 • ₹20.00"",""quantity"":2},{""id"":""1781453511849"",""name"":""Boost Health Drink"",""price"":255,""details"":""SKU: QLS-0027 • ₹255.00"",""quantity"":1}]",295,processed,2026-03-20 10:00:00+00,2026-03-20 10:30:00+00
414f56cd-12a4-4ed0-859f-d130ffe1dd96,d5777910-84ac-4ac9-84a0-0819ad960378,"[{""id"":""1781453481621"",""name"":""Softer Bar Chocolate Bar"",""price"":30,""details"":""SKU: QLS-0013 • ₹30.00"",""quantity"":2},{""id"":""1781453511949"",""name"":""Lay's India's Magic Masala Chips"",""price"":20,""details"":""SKU: QLS-0030 • ₹20.00"",""quantity"":3}]",120,processed,2026-03-15 12:00:00+00,2026-03-15 12:30:00+00
43b395ca-db32-485c-a1f7-7780db7036e0,760f1105-bd02-4459-9a91-f39959531378,"[{""id"":""1781453481524"",""name"":""Lay's American Style Cream and Onion Chips"",""price"":20,""details"":""SKU: QLS-0004 • ₹20.00"",""quantity"":2},{""id"":""1781453511852"",""name"":""Boost Health Drink"",""price"":255,""details"":""SKU: QLS-0027 • ₹255.00"",""quantity"":1}]",295,processed,2026-04-22 10:00:00+00,2026-04-22 10:30:00+00
5c25e95a-dd37-468e-b064-61b9e929c7a0,760f1105-bd02-4459-9a91-f39959531378,"[{""id"":""1781453481525"",""name"":""Lay's American Style Cream and Onion Chips"",""price"":20,""details"":""SKU: QLS-0004 • ₹20.00"",""quantity"":2},{""id"":""1781453511853"",""name"":""Boost Health Drink"",""price"":255,""details"":""SKU: QLS-0027 • ₹255.00"",""quantity"":1}]",295,processed,2026-05-02 10:00:00+00,2026-05-02 10:30:00+00
60455e0d-4dd1-4ec6-be16-0897173aedfb,d5777910-84ac-4ac9-84a0-0819ad960378,"[{""id"":""1781453481626"",""name"":""Softer Bar Chocolate Bar"",""price"":30,""details"":""SKU: QLS-0013 • ₹30.00"",""quantity"":2},{""id"":""1781453511954"",""name"":""Lay's India's Magic Masala Chips"",""price"":20,""details"":""SKU: QLS-0030 • ₹20.00"",""quantity"":2}]",100,processed,2026-05-25 12:00:00+00,2026-05-25 12:30:00+00
6188f97e-0edd-43bc-a349-7fb47fb233c7,c629cd54-64b7-4f07-bd21-68f39d86892e,"[{""id"":""QLS-0012"",""name"":""Snickers Chocolate Bar"",""price"":40,""details"":""Added by Qless Assistant"",""imageUrl"":"""",""quantity"":2},{""id"":""QLS-0032"",""name"":""Nestle KitKat Chunky White"",""price"":70,""details"":""Added by Qless Assistant"",""imageUrl"":"""",""quantity"":1},{""id"":""QLS-0010"",""name"":""Maggi Chicken Noodles"",""price"":15,""details"":""Recipe Ingredient: 1 packet"",""imageUrl"":"""",""quantity"":1}]",165,processed,2026-06-20 11:19:05.83338+00,2026-06-20 16:55:14.016+00
662db668-1510-4f74-9a13-85707b7b9b87,760f1105-bd02-4459-9a91-f39959531378,"[{""id"":""1781453481520"",""name"":""Lay's American Style Cream and Onion Chips"",""price"":20,""details"":""SKU: QLS-0004 • ₹20.00"",""imageUrl"":""https://hwvkfsjhzjuqkqhuqtsg.supabase.co/storage/v1/object/public/product-images/Lay's%20American%20Style%20Cream%20and%20Onion%20Chips.webp"",""quantity"":1},{""id"":""1781453511848"",""name"":""Boost Health Drink"",""price"":255,""details"":""SKU: QLS-0027 • ₹255.00"",""imageUrl"":""https://hwvkfsjhzjuqkqhuqtsg.supabase.co/storage/v1/object/public/product-images/Boost%20Health%20Drink.webp"",""quantity"":2},{""id"":""1781453557308"",""name"":""Horlicks Classic Malt Health Drink"",""price"":249,""details"":""SKU: QLS-0015 • ₹249.00"",""imageUrl"":""https://hwvkfsjhzjuqkqhuqtsg.supabase.co/storage/v1/object/public/product-images/Horlicks%20Classic%20Malt%20Health%20Drink.webp"",""quantity"":1},{""id"":""1781453585358"",""name"":""Softer Bar Chocolate Bar"",""price"":30,""details"":""SKU: QLS-0013 • ₹30.00"",""imageUrl"":""https://images.unsplash.com/photo-1542838132-92c53300491e?q=80&w=200&auto=format&fit=crop"",""quantity"":1}]",809.0,processed,2026-06-14 16:11:27.446832+00,2026-06-14 21:44:02.549241+00
6759da9a-5023-474f-beee-e2f3c573e38b,760f1105-bd02-4459-9a91-f39959531378,"[{""id"":""1781453481527"",""name"":""Lay's American Style Cream and Onion Chips"",""price"":20,""details"":""SKU: QLS-0004 • ₹20.00"",""quantity"":3},{""id"":""1781453511855"",""name"":""Boost Health Drink"",""price"":255,""details"":""SKU: QLS-0027 • ₹255.00"",""quantity"":1}]",315,processed,2026-05-24 10:00:00+00,2026-05-24 10:30:00+00
6a542ffb-6495-4f50-a474-2ce8cb35742b,760f1105-bd02-4459-9a91-f39959531378,"[{""id"":""1781517661877"",""name"":""Snickers Almond Chocolate Bar"",""price"":50,""details"":""SKU: QLS-0003 • ₹50.00"",""imageUrl"":""https://hwvkfsjhzjuqkqhuqtsg.supabase.co/storage/v1/object/public/product-images/Snickers%20Almond%20Chocolate%20Bar.webp"",""quantity"":3},{""id"":""1781713542883"",""name"":""Lay's American Style Cream and Onion Chips"",""price"":20,""details"":""SKU: QLS-0004 • ₹20.00"",""imageUrl"":""https://hwvkfsjhzjuqkqhuqtsg.supabase.co/storage/v1/object/public/product-images/Lay's%20American%20Style%20Cream%20and%20Onion%20Chips.webp"",""quantity"":3}]",210,processed,2026-06-17 16:26:13.142522+00,2026-06-18 23:43:44.025+00
7a7e7951-7e31-4d7e-bc17-7fdb06f33ba9,760f1105-bd02-4459-9a91-f39959531378,"[{""id"":""1781453481526"",""name"":""Lay's American Style Cream and Onion Chips"",""price"":20,""details"":""SKU: QLS-0004 • ₹20.00"",""quantity"":1},{""id"":""1781453511854"",""name"":""Boost Health Drink"",""price"":255,""details"":""SKU: QLS-0027 • ₹255.00"",""quantity"":1}]",275,processed,2026-05-12 10:00:00+00,2026-05-12 10:30:00+00
7aa762e3-5976-4fb5-beee-9a5fc880c7eb,760f1105-bd02-4459-9a91-f39959531378,"[{""id"":""1781453481523"",""name"":""Lay's American Style Cream and Onion Chips"",""price"":20,""details"":""SKU: QLS-0004 • ₹20.00"",""quantity"":1},{""id"":""1781453511851"",""name"":""Boost Health Drink"",""price"":255,""details"":""SKU: QLS-0027 • ₹255.00"",""quantity"":1}]",275,processed,2026-04-10 10:00:00+00,2026-04-10 10:30:00+00
7bc84717-ac14-4128-a5a3-7bf9a87542a9,760f1105-bd02-4459-9a91-f39959531378,"[{""id"":""1781424218978"",""name"":""Nestle KitKat Chunky White"",""price"":70,""details"":""SKU: QLS-0032 • ₹70.00"",""imageUrl"":""https://images.unsplash.com/photo-1542838132-92c53300491e?q=80&w=200&auto=format&fit=crop"",""quantity"":1}]",70,processed,2026-06-14 08:03:41.187697+00,2026-06-14 13:33:54.624+00
7cc11a2d-32a4-424a-b8e2-28eb99fe0d74,760f1105-bd02-4459-9a91-f39959531378,"[{""id"":""1781517661877"",""name"":""Snickers Almond Chocolate Bar"",""price"":50,""details"":""SKU: QLS-0003 • ₹50.00"",""imageUrl"":""https://hwvkfsjhzjuqkqhuqtsg.supabase.co/storage/v1/object/public/product-images/Snickers%20Almond%20Chocolate%20Bar.webp"",""quantity"":3},{""id"":""1781713542883"",""name"":""Lay's American Style Cream and Onion Chips"",""price"":20,""details"":""SKU: QLS-0004 • ₹20.00"",""imageUrl"":""https://hwvkfsjhzjuqkqhuqtsg.supabase.co/storage/v1/object/public/product-images/Lay's%20American%20Style%20Cream%20and%20Onion%20Chips.webp"",""quantity"":3}]",210.0,processed,2026-06-18 18:51:34.195214+00,2026-06-18 18:51:34.195214+00
7fc4fa48-9b3c-43ff-b77e-4973ef2f1af4,760f1105-bd02-4459-9a91-f39959531378,"[{""id"":""1781510468890"",""name"":""Cadbury Dairy Milk Chocolate"",""price"":40,""details"":""SKU: QLS-0017 • ₹40.00"",""imageUrl"":""https://hwvkfsjhzjuqkqhuqtsg.supabase.co/storage/v1/object/public/product-images/Cadbury%20Dairy%20Milk%20Chocolate.webp"",""quantity"":1},{""id"":""1781510475785"",""name"":""Mars Chocolate Bar"",""price"":40,""details"":""SKU: QLS-0011 • ₹40.00"",""imageUrl"":""https://hwvkfsjhzjuqkqhuqtsg.supabase.co/storage/v1/object/public/product-images/Mars%20Chocolate%20Bar.webp"",""quantity"":1},{""id"":""1781510483768"",""name"":""Nestle KitKat Chunky White"",""price"":70,""details"":""SKU: QLS-0032 • ₹70.00"",""imageUrl"":""https://hwvkfsjhzjuqkqhuqtsg.supabase.co/storage/v1/object/public/product-images/Nestle%20KitKat%20Chunky%20White.webp"",""quantity"":1},{""id"":""1781510496248"",""name"":""Boost Health Drink"",""price"":255,""details"":""SKU: QLS-0027 • ₹255.00"",""imageUrl"":""https://hwvkfsjhzjuqkqhuqtsg.supabase.co/storage/v1/object/public/product-images/Boost%20Health%20Drink.webp"",""quantity"":1},{""id"":""1781510515640"",""name"":""Abbott Similac Classic Stage 1"",""price"":430,""details"":""SKU: QLS-0046 • ₹430.00"",""imageUrl"":""https://images.unsplash.com/photo-1542838132-92c53300491e?q=80&w=200&auto=format&fit=crop"",""quantity"":1},{""id"":""1781510534717"",""name"":""Horlicks Women's Plus Caramel"",""price"":320,""details"":""SKU: QLS-0056 • ₹320.00"",""imageUrl"":""https://hwvkfsjhzjuqkqhuqtsg.supabase.co/storage/v1/object/public/product-images/Horlicks%20Women's%20Plus%20Caramel.webp"",""quantity"":1},{""id"":""1781510544732"",""name"":""Maggi Chicken Noodles"",""price"":15,""details"":""SKU: QLS-0010 • ₹15.00"",""imageUrl"":""https://hwvkfsjhzjuqkqhuqtsg.supabase.co/storage/v1/object/public/product-images/Maggi%20Chicken%20Noodles.webp"",""quantity"":1},{""id"":""1781510555718"",""name"":""Kellogg's Corn Flakes Original"",""price"":195,""details"":""SKU: QLS-0016 • ₹195.00"",""imageUrl"":""https://hwvkfsjhzjuqkqhuqtsg.supabase.co/storage/v1/object/public/product-images/Kellogg's%20Corn%20Flakes%20Original.webp"",""quantity"":1},{""id"":""1781510570809"",""name"":""Nestle Lactogen Pro 1"",""price"":420,""details"":""SKU: QLS-0033 • ₹420.00"",""imageUrl"":""https://hwvkfsjhzjuqkqhuqtsg.supabase.co/storage/v1/object/public/product-images/Nestle%20Lactogen%20Pro%201.webp"",""quantity"":1},{""id"":""1781510582970"",""name"":""Veeba Sweet Chilli Hot Sauce"",""price"":149,""details"":""SKU: QLS-0050 • ₹149.00"",""imageUrl"":""https://hwvkfsjhzjuqkqhuqtsg.supabase.co/storage/v1/object/public/product-images/Veeba%20Sweet%20Chilli%20Hot%20Sauce.webp"",""quantity"":1},{""id"":""1781510631145"",""name"":""Ambi Pur Air Freshener"",""price"":299,""details"":""SKU: QLS-0002 • ₹299.00"",""imageUrl"":""https://hwvkfsjhzjuqkqhuqtsg.supabase.co/storage/v1/object/public/product-images/Ambi%20Pur%20Air%20Freshner.webp"",""quantity"":1},{""id"":""1781510637853"",""name"":""Odonil Room Spray"",""price"":179,""details"":""SKU: QLS-0044 • ₹179.00"",""imageUrl"":""https://hwvkfsjhzjuqkqhuqtsg.supabase.co/storage/v1/object/public/product-images/Odonil%20Room%20Spray.webp"",""quantity"":1},{""id"":""1781510645865"",""name"":""Godrej Aer Power Pocket Rose Fresh Blossom"",""price"":65,""details"":""SKU: QLS-0039 • ₹65.00"",""imageUrl"":""https://hwvkfsjhzjuqkqhuqtsg.supabase.co/storage/v1/object/public/product-images/Godrej%20Aer%20Power%20Pocket%20Rose%20Fresh%20Blossom.webp"",""quantity"":1},{""id"":""1781510656904"",""name"":""Nestle Milkybar White Chocolate"",""price"":20,""details"":""SKU: QLS-0035 • ₹20.00"",""imageUrl"":""https://hwvkfsjhzjuqkqhuqtsg.supabase.co/storage/v1/object/public/product-images/Nestle%20Milkybar%20White%20Chocolate.webp"",""quantity"":1}]",2497.0,processed,2026-06-15 08:01:11.5532+00,2026-06-15 13:38:09.52901+00
82ea1bd0-8773-45d6-a0ab-cc50cd2b044b,d5777910-84ac-4ac9-84a0-0819ad960378,"[{""id"":""1781728258175"",""name"":""Boost Health Drink"",""price"":255,""details"":""SKU: QLS-0027 • ₹255.00"",""imageUrl"":""https://hwvkfsjhzjuqkqhuqtsg.supabase.co/storage/v1/object/public/product-images/Boost%20Health%20Drink.webp"",""quantity"":1}]",255,processed,2026-06-17 20:31:01.309135+00,2026-06-19 00:27:56.69433+00
844c84b7-efd7-4249-ab0e-65768b8277a5,760f1105-bd02-4459-9a91-f39959531378,"[{""id"":""1781453674226"",""name"":""Softer Bar Chocolate Bar"",""price"":30,""details"":""SKU: QLS-0013 • ₹30.00"",""imageUrl"":""https://images.unsplash.com/photo-1542838132-92c53300491e?q=80&w=200&auto=format&fit=crop"",""quantity"":1}]",30.0,processed,2026-06-14 16:14:37.589226+00,2026-06-14 21:44:48.576264+00
885904ea-ab56-41a9-89a8-19ad074e0845,760f1105-bd02-4459-9a91-f39959531378,"[{""id"":""1781461334459"",""name"":""Lay's American Style Cream and Onion Chips"",""price"":20,""details"":""SKU: QLS-0004 • ₹20.00"",""imageUrl"":""https://hwvkfsjhzjuqkqhuqtsg.supabase.co/storage/v1/object/public/product-images/Lay's%20American%20Style%20Cream%20and%20Onion%20Chips.webp"",""quantity"":1}]",20,processed,2026-06-14 18:22:20.85764+00,2026-06-14 23:52:23.293+00
9a107521-4bae-493e-b016-95e5c1fca371,3ebf9db8-69ab-4661-95b5-d0e2a6e10389,"[{""id"":""1781418350531"",""name"":""Softer Bar Chocolate Bar"",""price"":30,""details"":""SKU: QLS-0013 • ₹30.00"",""imageUrl"":""https://images.unsplash.com/photo-1542838132-92c53300491e?q=80&w=200&auto=format&fit=crop"",""quantity"":1}]",30,processed,2026-06-14 06:28:09.296638+00,2026-06-14 06:28:09.296638+00
9b154f56-5619-41d6-a20e-e14812c6210c,3ebf9db8-69ab-4661-95b5-d0e2a6e10389,"[{""id"":""1781418353366"",""name"":""Lay's American Style Cream and Onion Chips"",""price"":20,""details"":""SKU: QLS-0004 • ₹20.00"",""imageUrl"":""https://images.unsplash.com/photo-1542838132-92c53300491e?q=80&w=200&auto=format&fit=crop"",""quantity"":1},{""id"":""1781418397891"",""name"":""Nestle KitKat Chunky White"",""price"":70,""details"":""SKU: QLS-0032 • ₹70.00"",""imageUrl"":""https://images.unsplash.com/photo-1542838132-92c53300491e?q=80&w=200&auto=format&fit=crop"",""quantity"":1}]",90.0,processed,2026-06-14 06:25:52.689347+00,2026-06-14 11:56:46.966974+00
9fe62fec-56de-4bb1-b3f1-6068f8e45655,d5777910-84ac-4ac9-84a0-0819ad960378,"[{""id"":""1781427892983"",""name"":""Lay's India's Magic Masala Chips"",""price"":20,""details"":""SKU: QLS-0030 • ₹20.00"",""imageUrl"":""https://images.unsplash.com/photo-1542838132-92c53300491e?q=80&w=200&auto=format&fit=crop"",""quantity"":1}]",20.0,processed,2026-06-14 09:04:55.973761+00,2026-06-14 14:45:17.624+00
a2d71e96-0196-4ed7-b626-96422562f318,d5777910-84ac-4ac9-84a0-0819ad960378,"[{""id"":""1781427748024"",""name"":""Boost Health Drink"",""price"":255,""details"":""SKU: QLS-0027 • ₹255.00"",""imageUrl"":""https://images.unsplash.com/photo-1542838132-92c53300491e?q=80&w=200&auto=format&fit=crop"",""quantity"":1},{""id"":""1781427779943"",""name"":""Lay's American Style Cream and Onion Chips"",""price"":20,""details"":""SKU: QLS-0004 • ₹20.00"",""imageUrl"":""https://images.unsplash.com/photo-1542838132-92c53300491e?q=80&w=200&auto=format&fit=crop"",""quantity"":1},{""id"":""1781427800828"",""name"":""Lay's Spanish Tomato Tango Chips"",""price"":20,""details"":""SKU: QLS-0047 • ₹20.00"",""imageUrl"":""https://images.unsplash.com/photo-1542838132-92c53300491e?q=80&w=200&auto=format&fit=crop"",""quantity"":1}]",295.0,processed,2026-06-14 09:02:30.210506+00,2026-06-14 14:33:31.782195+00
a549225b-2621-4991-bc23-ad7c47fa17fd,760f1105-bd02-4459-9a91-f39959531378,"[{""id"":""1781421054115"",""name"":""Double Horse Synthetic Vinegar"",""price"":55,""details"":""SKU: QLS-0052 • ₹55.00"",""imageUrl"":""https://images.unsplash.com/photo-1542838132-92c53300491e?q=80&w=200&auto=format&fit=crop"",""quantity"":1},{""id"":""1781421088768"",""name"":""Cheetos Cheez Puffs"",""price"":20,""details"":""SKU: QLS-0009 • ₹20.00"",""imageUrl"":""https://images.unsplash.com/photo-1542838132-92c53300491e?q=80&w=200&auto=format&fit=crop"",""quantity"":1},{""id"":""1781421107320"",""name"":""Nestle KitKat Chunky White"",""price"":70,""details"":""SKU: QLS-0032 • ₹70.00"",""imageUrl"":""https://images.unsplash.com/photo-1542838132-92c53300491e?q=80&w=200&auto=format&fit=crop"",""quantity"":1},{""id"":""1781421244547"",""name"":""Brooke Bond Taj Mahal Tea"",""price"":260,""details"":""SKU: QLS-0053 • ₹260.00"",""imageUrl"":""https://images.unsplash.com/photo-1542838132-92c53300491e?q=80&w=200&auto=format&fit=crop"",""quantity"":1},{""id"":""1781421302738"",""name"":""Lay's India's Magic Masala Chips"",""price"":20,""details"":""SKU: QLS-0030 • ₹20.00"",""imageUrl"":""https://images.unsplash.com/photo-1542838132-92c53300491e?q=80&w=200&auto=format&fit=crop"",""quantity"":1}]",425,processed,2026-06-14 07:11:03.351361+00,2026-06-14 13:32:25.064+00
ad27a384-1777-4b9f-a87b-dd51ccdeec2b,760f1105-bd02-4459-9a91-f39959531378,"[{""id"":""1781510278793"",""name"":""Cadbury Fuse Chocolate Bar"",""price"":40,""details"":""SKU: QLS-0022 • ₹40.00"",""imageUrl"":""https://hwvkfsjhzjuqkqhuqtsg.supabase.co/storage/v1/object/public/product-images/Cadbury%20Fuse%20Chocolate%20Bar.webp"",""quantity"":2}]",80.0,processed,2026-06-15 07:58:02.923877+00,2026-06-15 13:28:14.251291+00
ae53d915-2a6f-45ad-8e98-48deb499c590,d5777910-84ac-4ac9-84a0-0819ad960378,"[{""id"":""1781453481624"",""name"":""Softer Bar Chocolate Bar"",""price"":30,""details"":""SKU: QLS-0013 • ₹30.00"",""quantity"":2},{""id"":""1781453511952"",""name"":""Lay's India's Magic Masala Chips"",""price"":20,""details"":""SKU: QLS-0030 • ₹20.00"",""quantity"":3}]",120,processed,2026-04-26 12:00:00+00,2026-04-26 12:30:00+00
b80c826f-cf07-490d-ac51-a1e58116b140,760f1105-bd02-4459-9a91-f39959531378,"[{""id"":""1781513679598"",""name"":""Cadbury Dairy Milk Roast Almond"",""price"":50,""details"":""SKU: QLS-0019 • ₹50.00"",""imageUrl"":""https://hwvkfsjhzjuqkqhuqtsg.supabase.co/storage/v1/object/public/product-images/Cadbury%20Dairy%20Milk%20Roast%20Almond.webp"",""quantity"":1}]",50.0,processed,2026-06-15 08:54:42.607077+00,2026-06-15 14:25:02.214066+00
b8398973-16fa-4c75-bb2e-1b54b13f2b2c,d5777910-84ac-4ac9-84a0-0819ad960378,"[{""id"":""QLS-0038"",""name"":""Quaker Oats"",""price"":195,""details"":""Recipe Ingredient: 1 cup"",""imageUrl"":"""",""quantity"":3},{""id"":""QLS-0055"",""name"":""Happy Tomato Sauce"",""price"":110,""details"":""Recipe Ingredient: 1/2 cup"",""imageUrl"":"""",""quantity"":3}]",915.0,active,2026-06-21 06:15:21.040325+00,2026-06-21 11:46:10.895966+00
bad60c55-20e6-46fd-a45f-cb593cea5389,760f1105-bd02-4459-9a91-f39959531378,"[{""id"":""1781460124877"",""name"":""Boost Health Drink"",""price"":255,""details"":""SKU: QLS-0027 • ₹255.00"",""imageUrl"":""https://hwvkfsjhzjuqkqhuqtsg.supabase.co/storage/v1/object/public/product-images/Boost%20Health%20Drink.webp"",""quantity"":2},{""id"":""1781460161212"",""name"":""Lay's American Style Cream and Onion Chips"",""price"":20,""details"":""SKU: QLS-0004 • ₹20.00"",""imageUrl"":""https://hwvkfsjhzjuqkqhuqtsg.supabase.co/storage/v1/object/public/product-images/Lay's%20American%20Style%20Cream%20and%20Onion%20Chips.webp"",""quantity"":1},{""id"":""1781460230456"",""name"":""Horlicks Classic Malt Health Drink"",""price"":249,""details"":""SKU: QLS-0015 • ₹249.00"",""imageUrl"":""https://hwvkfsjhzjuqkqhuqtsg.supabase.co/storage/v1/object/public/product-images/Horlicks%20Classic%20Malt%20Health%20Drink.webp"",""quantity"":1},{""id"":""1781460268810"",""name"":""Softer Bar Chocolate Bar"",""price"":30,""details"":""SKU: QLS-0013 • ₹30.00"",""imageUrl"":""https://images.unsplash.com/photo-1542838132-92c53300491e?q=80&w=200&auto=format&fit=crop"",""quantity"":1},{""id"":""1781460292604"",""name"":""Cadbury Fuse Chocolate Bar"",""price"":40,""details"":""SKU: QLS-0022 • ₹40.00"",""imageUrl"":""https://hwvkfsjhzjuqkqhuqtsg.supabase.co/storage/v1/object/public/product-images/Cadbury%20Fuse%20Chocolate%20Bar.webp"",""quantity"":2}]",889.0,processed,2026-06-14 18:02:07.664733+00,2026-06-14 23:37:11.515169+00
c760de13-d400-4385-8d2f-964fc4e69b9a,d5777910-84ac-4ac9-84a0-0819ad960378,"[{""id"":""1781453481623"",""name"":""Softer Bar Chocolate Bar"",""price"":30,""details"":""SKU: QLS-0013 • ₹30.00"",""quantity"":1},{""id"":""1781453511951"",""name"":""Lay's India's Magic Masala Chips"",""price"":20,""details"":""SKU: QLS-0030 • ₹20.00"",""quantity"":2}]",70,processed,2026-04-12 12:00:00+00,2026-04-12 12:30:00+00
ca327d32-f999-4a66-bdda-e6c1017a7c75,0aa6e91f-6199-4628-91d1-8b0cff62865a,"[{""id"":""1781512335112"",""name"":""Snickers Chocolate Bar"",""price"":40,""details"":""SKU: QLS-0012 • ₹40.00"",""imageUrl"":""https://images.unsplash.com/photo-1542838132-92c53300491e?q=80&w=200&auto=format&fit=crop"",""quantity"":1},{""id"":""1781512347584"",""name"":""Nestle Milkybar White Chocolate"",""price"":20,""details"":""SKU: QLS-0035 • ₹20.00"",""imageUrl"":""https://hwvkfsjhzjuqkqhuqtsg.supabase.co/storage/v1/object/public/product-images/Nestle%20Milkybar%20White%20Chocolate.webp"",""quantity"":1},{""id"":""1781512358383"",""name"":""Cadbury Dairy Milk Roast Almond"",""price"":50,""details"":""SKU: QLS-0019 • ₹50.00"",""imageUrl"":""https://hwvkfsjhzjuqkqhuqtsg.supabase.co/storage/v1/object/public/product-images/Cadbury%20Dairy%20Milk%20Roast%20Almond.webp"",""quantity"":1},{""id"":""1781512376222"",""name"":""Nestle KitKat Chunky White"",""price"":70,""details"":""SKU: QLS-0032 • ₹70.00"",""imageUrl"":""https://hwvkfsjhzjuqkqhuqtsg.supabase.co/storage/v1/object/public/product-images/Nestle%20KitKat%20Chunky%20White.webp"",""quantity"":1},{""id"":""1781544845140"",""name"":""Cadbury Fuse Chocolate Bar"",""price"":40,""details"":""SKU: QLS-0022 • ₹40.00"",""imageUrl"":""https://hwvkfsjhzjuqkqhuqtsg.supabase.co/storage/v1/object/public/product-images/Cadbury%20Fuse%20Chocolate%20Bar.webp"",""quantity"":1},{""id"":""QLS-0025"",""name"":""Idhayam Mantra Groundnut Oil"",""price"":250,""details"":""Recipe Ingredient"",""imageUrl"":"""",""quantity"":6},{""id"":""QLS-0023"",""name"":""Aachi Ginger Garlic Paste"",""price"":80,""details"":""Recipe Ingredient"",""imageUrl"":"""",""quantity"":9},{""id"":""QLS-0041"",""name"":""Gold Winner Refined Sunflower Oil"",""price"":180,""details"":""Recipe Ingredient"",""imageUrl"":"""",""quantity"":1},{""id"":""QUIS-0094"",""name"":""Basmati Rice"",""price"":50,""details"":""Injected via AI Agent Analysis"",""imageUrl"":"""",""quantity"":1},{""id"":""QUIS-0087"",""name"":""Vegetable Oil"",""price"":120,""details"":""Injected via AI Agent Analysis"",""imageUrl"":"""",""quantity"":1},{""id"":""QUIS-0037"",""name"":""Onions"",""price"":18,""details"":""Injected via AI Agent Analysis"",""imageUrl"":"""",""quantity"":1},{""id"":""QUIS-0009"",""name"":""Ginger"",""price"":35,""details"":""Injected via AI Agent Analysis"",""imageUrl"":"""",""quantity"":1},{""id"":""QUIS-0081"",""name"":""Garlic"",""price"":22,""details"":""Injected via AI Agent Analysis"",""imageUrl"":"""",""quantity"":1},{""id"":""QUIS-0088"",""name"":""Mixed Vegetables"",""price"":90,""details"":""Injected via AI Agent Analysis"",""imageUrl"":"""",""quantity"":1},{""id"":""QUIS-0048"",""name"":""Turmeric Powder"",""price"":80,""details"":""Injected via AI Agent Analysis"",""imageUrl"":"""",""quantity"":1},{""id"":""QUIS-0068"",""name"":""Red Chili Powder"",""price"":110,""details"":""Injected via AI Agent Analysis"",""imageUrl"":"""",""quantity"":1},{""id"":""QUIS-0075"",""name"":""Garam Masala"",""price"":90,""details"":""Injected via AI Agent Analysis"",""imageUrl"":"""",""quantity"":1},{""id"":""QUIS-0065"",""name"":""Salt"",""price"":28,""details"":""Injected via AI Agent Analysis"",""imageUrl"":"""",""quantity"":1},{""id"":""QUIS-0095"",""name"":""Water"",""price"":0,""details"":""Injected via AI Agent Analysis"",""imageUrl"":"""",""quantity"":1},{""id"":""QLS-0041"",""name"":""Refined Sunflower Oil"",""price"":180,""details"":""Injected via AI Agent Analysis"",""imageUrl"":"""",""quantity"":1}]",3443,active,2026-06-15 08:32:18.294991+00,2026-06-21 02:57:51.9+00
d60ce6e5-cc2a-4a13-9d10-f35650638778,d5777910-84ac-4ac9-84a0-0819ad960378,"[{""id"":""1781448766177"",""name"":""Boost Health Drink"",""price"":255,""details"":""SKU: QLS-0027 • ₹255.00"",""imageUrl"":""https://hwvkfsjhzjuqkqhuqtsg.supabase.co/storage/v1/object/public/product-images/Boost%20Health%20Drink.webp"",""quantity"":1},{""id"":""1781454647498"",""name"":""Cadbury Dairy Milk Roast Almond"",""price"":50,""details"":""SKU: QLS-0019 • ₹50.00"",""imageUrl"":""https://hwvkfsjhzjuqkqhuqtsg.supabase.co/storage/v1/object/public/product-images/Cadbury%20Dairy%20Milk%20Roast%20Almond.webp"",""quantity"":2},{""id"":""1781454666243"",""name"":""Nestle Milkybar White Chocolate"",""price"":20,""details"":""SKU: QLS-0035 • ₹20.00"",""imageUrl"":""https://hwvkfsjhzjuqkqhuqtsg.supabase.co/storage/v1/object/public/product-images/Nestle%20Milkybar%20White%20Chocolate.webp"",""quantity"":1}]",375.0,processed,2026-06-14 14:52:48.809637+00,2026-06-14 22:02:14.408888+00
d746cb98-c7b8-4b81-824c-ad50c65890b5,760f1105-bd02-4459-9a91-f39959531378,"[{""id"":""QLS-0030"",""name"":""Lay's India's Magic Masala Chips"",""price"":20,""details"":""Added by Qless Assistant"",""imageUrl"":"""",""quantity"":5}]",100.0,active,2026-06-21 06:57:52.564514+00,2026-06-21 06:57:52.564514+00
d75b7daf-0650-4379-b64a-534c5e16a878,d5777910-84ac-4ac9-84a0-0819ad960378,"[{""id"":""1781725913054"",""name"":""Softer Bar Chocolate Bar"",""price"":30,""details"":""SKU: QLS-0013 • ₹30.00"",""imageUrl"":""https://images.unsplash.com/photo-1542838132-92c53300491e?q=80&w=200&auto=format&fit=crop"",""quantity"":1}]",30,processed,2026-06-17 19:51:57.162243+00,2026-06-18 01:58:17.252+00
da41d02a-8b07-4275-a560-05d946754808,d5777910-84ac-4ac9-84a0-0819ad960378,"[{""id"":""1781453481627"",""name"":""Softer Bar Chocolate Bar"",""price"":30,""details"":""SKU: QLS-0013 • ₹30.00"",""quantity"":2},{""id"":""1781453511955"",""name"":""Lay's India's Magic Masala Chips"",""price"":20,""details"":""SKU: QLS-0030 • ₹20.00"",""quantity"":3}]",120,processed,2026-06-08 12:00:00+00,2026-06-08 12:30:00+00
de000db3-a3c4-4d88-9f06-739cb209bcd9,d5777910-84ac-4ac9-84a0-0819ad960378,"[{""id"":""1781425183163"",""name"":""Boost Health Drink"",""price"":255,""details"":""SKU: QLS-0027 • ₹255.00"",""imageUrl"":""https://images.unsplash.com/photo-1542838132-92c53300491e?q=80&w=200&auto=format&fit=crop"",""quantity"":1},{""id"":""1781425222058"",""name"":""Cadbury Dairy Milk Crispello"",""price"":40,""details"":""SKU: QLS-0018 • ₹40.00"",""imageUrl"":""https://images.unsplash.com/photo-1542838132-92c53300491e?q=80&w=200&auto=format&fit=crop"",""quantity"":1},{""id"":""1781425604592"",""name"":""Softer Bar Chocolate Bar"",""price"":30,""details"":""SKU: QLS-0013 • ₹30.00"",""imageUrl"":""https://images.unsplash.com/photo-1542838132-92c53300491e?q=80&w=200&auto=format&fit=crop"",""quantity"":1}]",325,processed,2026-06-14 08:19:45.635875+00,2026-06-14 14:29:21.944+00
e5250099-8d0e-4202-907e-a0321fd4d70b,d5777910-84ac-4ac9-84a0-0819ad960378,"[{""id"":""1781453481625"",""name"":""Softer Bar Chocolate Bar"",""price"":30,""details"":""SKU: QLS-0013 • ₹30.00"",""quantity"":3},{""id"":""1781453511953"",""name"":""Lay's India's Magic Masala Chips"",""price"":20,""details"":""SKU: QLS-0030 • ₹20.00"",""quantity"":4}]",170,processed,2026-05-10 12:00:00+00,2026-05-10 12:30:00+00
ea209eb9-639e-4874-a2d8-5cac224a44e5,760f1105-bd02-4459-9a91-f39959531378,"[{""id"":""1781464350080"",""name"":""Lay's American Style Cream and Onion Chips"",""price"":20,""details"":""SKU: QLS-0004 • ₹20.00"",""imageUrl"":""https://hwvkfsjhzjuqkqhuqtsg.supabase.co/storage/v1/object/public/product-images/Lay's%20American%20Style%20Cream%20and%20Onion%20Chips.webp"",""quantity"":3},{""id"":""1781464411105"",""name"":""Cadbury Fuse Chocolate Bar"",""price"":40,""details"":""SKU: QLS-0022 • ₹40.00"",""imageUrl"":""https://hwvkfsjhzjuqkqhuqtsg.supabase.co/storage/v1/object/public/product-images/Cadbury%20Fuse%20Chocolate%20Bar.webp"",""quantity"":10}]",460.0,processed,2026-06-14 19:12:34.398992+00,2026-06-15 01:03:12.972+00
f83e2fcd-a670-4279-990f-d35482793c50,3ebf9db8-69ab-4661-95b5-d0e2a6e10389,"[{""id"":""1781717826185"",""name"":""Nestle KitKat Chunky White"",""price"":70,""details"":""SKU: QLS-0032 • ₹70.00"",""imageUrl"":""https://hwvkfsjhzjuqkqhuqtsg.supabase.co/storage/v1/object/public/product-images/Nestle%20KitKat%20Chunky%20White.webp"",""quantity"":2},{""id"":""1781717847203"",""name"":""Cadbury Fuse Chocolate Bar"",""price"":40,""details"":""SKU: QLS-0022 • ₹40.00"",""imageUrl"":""https://hwvkfsjhzjuqkqhuqtsg.supabase.co/storage/v1/object/public/product-images/Cadbury%20Fuse%20Chocolate%20Bar.webp"",""quantity"":2},{""id"":""1781717864205"",""name"":""Horlicks Classic Malt Health Drink"",""price"":249,""details"":""SKU: QLS-0015 • ₹249.00"",""imageUrl"":""https://hwvkfsjhzjuqkqhuqtsg.supabase.co/storage/v1/object/public/product-images/Horlicks%20Classic%20Malt%20Health%20Drink.webp"",""quantity"":3},{""id"":""1781718060962"",""name"":""Boost Health Drink"",""price"":255,""details"":""SKU: QLS-0027 • ₹255.00"",""imageUrl"":""https://hwvkfsjhzjuqkqhuqtsg.supabase.co/storage/v1/object/public/product-images/Boost%20Health%20Drink.webp"",""quantity"":4}]",1987.0,processed,2026-06-17 17:37:09.36772+00,2026-06-18 08:24:34.405127+00
f88da874-e93a-4b64-849f-81bc2b5fe452,760f1105-bd02-4459-9a91-f39959531378,"[{""id"":""1781453481522"",""name"":""Lay's American Style Cream and Onion Chips"",""price"":20,""details"":""SKU: QLS-0004 • ₹20.00"",""quantity"":2},{""id"":""1781453511850"",""name"":""Boost Health Drink"",""price"":255,""details"":""SKU: QLS-0027 • ₹255.00"",""quantity"":1}]",295,processed,2026-03-30 10:00:00+00,2026-03-30 10:30:00+00
fa9675f3-a297-4f75-a7bb-91e14dafd1f3,760f1105-bd02-4459-9a91-f39959531378,"[{""id"":""1781630944090"",""name"":""Lay's American Style Cream and Onion Chips"",""price"":20,""details"":""SKU: QLS-0004 • ₹20.00"",""imageUrl"":""https://hwvkfsjhzjuqkqhuqtsg.supabase.co/storage/v1/object/public/product-images/Lay's%20American%20Style%20Cream%20and%20Onion%20Chips.webp"",""quantity"":4},{""id"":""1781633078351"",""name"":""Lay's India's Magic Masala Chips"",""price"":20,""details"":""SKU: QLS-0030 • ₹20.00"",""imageUrl"":""https://hwvkfsjhzjuqkqhuqtsg.supabase.co/storage/v1/object/public/product-images/Lay's%20India's%20Magic%20Masala%20Chips.webp"",""quantity"":3},{""id"":""1781633656899"",""name"":""Boost Health Drink"",""price"":255,""details"":""SKU: QLS-0027 • ₹255.00"",""imageUrl"":""https://hwvkfsjhzjuqkqhuqtsg.supabase.co/storage/v1/object/public/product-images/Boost%20Health%20Drink.webp"",""quantity"":1}]",395,processed,2026-06-16 17:29:11.052222+00,2026-06-16 23:44:24.118+00